{
    "active_routing": "Default",
    "check_include_pre": false,
    "conn_stat": false,
    "core_box_clash_api": -9090,
    "core_ray_direct_dns": false,
    "core_ray_windows_disable_auto_interface": false,
    "current_group": 0,
    "custom_inbound": "{\"inbounds\": []}",
    "custom_route": "{\"rules\": []}",
    "enable_js_hook": 0,
    "extraCore": {
    },
    "fakedns": false,
    "inbound_address": "127.0.0.1",
    "inbound_auth": {
    },
    "inbound_http_port": 2081,
    "inbound_socks_port": 2080,
    "language": 0,
    "log_ignore": [
    ],
    "log_level": "warning",
    "max_log_line": 200,
    "mux_concurrency": 8,
    "mux_default_on": false,
    "mux_padding": false,
    "remember_enable": false,
    "remember_id": -1919,
    "skip_cert": false,
    "spmode2": [
    ],
    "start_minimal": false,
    "sub_auto_update": -30,
    "sub_clear": false,
    "sub_insecure": false,
    "sub_use_proxy": false,
    "test_concurrent": 5,
    "test_dl_timeout": 30,
    "test_url": "http://cp.cloudflare.com/",
    "test_url_dl": "http://cachefly.cachefly.net/10mb.test",
    "theme": "0",
    "traffic_loop_interval": 1000,
    "vpn_hide_console": true,
    "vpn_impl": 0,
    "vpn_internal_tun": true,
    "vpn_ipv6": false,
    "vpn_mtu": 9000,
    "vpn_rule_white": false,
    "vpn_strict_route": false
}
